exhid,name,address_line1,address_line2,city_state_zip,country,full_address,website,phone,booth,booth_code,about,product_categories,facebook,linkedin,instagram,twitter,youtube,profile_url,scraped_at
5234,360 Karting & Sodikart & Apex Timing,Industrijska cesta 10Izola06310Sloveniawww.360karting.com,,,Industrijska cesta 10Izola06310Sloveniawww.360karting.com,Industrijska cesta 10Izola06310Sloveniawww.360karting.com,http://www.360karting.com,,South Exhibit Halls S3-S23 — S2229,,,Rides (Dry) > Go-Karts,,,,,,https://iaapaexpoeurope26.mapyourshow.com/8_0/exhibitor/exhibitor-details.cfm?exhid=5234,2026-04-28T15:21:56
10606,4escape,21 rue meunierÉgly91520France4escape.io/,,,21 rue meunierÉgly91520France4escape.io/,21 rue meunierÉgly91520France4escape.io/,https://4escape.io/,,South Exhibit Halls S3-S23 — S3742,,,Admission/Financial Equipment > ATM Machines | Admission/Financial Equipment > Bill Validators | Computer Systems/Software > Point of Sale | Computer Systems/Software > Software,,,,,,https://iaapaexpoeurope26.mapyourshow.com/8_0/exhibitor/exhibitor-details.cfm?exhid=10606,2026-04-28T15:22:00
10641,501 FUN,Unit 4-7West PointAylesfordME20 6XJUnited Kingdom,,,Unit 4-7West PointAylesfordME20 6XJUnited Kingdom,Unit 4-7West PointAylesfordME20 6XJUnited Kingdom,,,South Exhibit Halls S3-S23 — S4543,,,Games & Devices > Arcade & Video | Participatory Play Equipment > Interactive Sports/Zip Lines | Participatory Play Equipment > Miniature Golf,,,,,,https://iaapaexpoeurope26.mapyourshow.com/8_0/exhibitor/exhibitor-details.cfm?exhid=10641,2026-04-28T15:22:03
10718,7x19 Building Adventure,"Unit 10,  The Creamery, Station Road,ConwyWales LL28 5EFUnited Kingdomwww.7x19.co.uk",,,"Unit 10,  The Creamery, Station Road,ConwyWales LL28 5EFUnited Kingdomwww.7x19.co.uk","Unit 10,  The Creamery, Station Road,ConwyWales LL28 5EFUnited Kingdomwww.7x19.co.uk",http://www.7x19.co.uk,,North Exhibit Halls N19-N23 — N4900,,,Construction > Family Entertainment | Consultants > Architecture and Design | Participatory Play Equipment > Climbing Walls | Participatory Play Equipment > Interactive Sports/Zip Lines,,,,,,https://iaapaexpoeurope26.mapyourshow.com/8_0/exhibitor/exhibitor-details.cfm?exhid=10718,2026-04-28T15:22:07
4836,A&P Projects,Hertstraat 42 b2590 Berlaar2590Belgiumwww.ap-projects.be,,,Hertstraat 42 b2590 Berlaar2590Belgiumwww.ap-projects.be,Hertstraat 42 b2590 Berlaar2590Belgiumwww.ap-projects.be,https://www.ap-projects.be,,South Exhibit Halls S3-S23 — S4702,,,Construction > Family Entertainment | Consultants > Architecture and Design | Participatory Play Equipment > Climbing Walls | Participatory Play Equipment > Interactive Sports/Zip Lines,,,,,,https://iaapaexpoeurope26.mapyourshow.com/8_0/exhibitor/exhibitor-details.cfm?exhid=4836,2026-04-28T15:22:10
464,abc rides switzerland,"Verenastrasse 37, WollerauWollerau8832Switzerland",,,"Verenastrasse 37, WollerauWollerau8832Switzerland","Verenastrasse 37, WollerauWollerau8832Switzerland",,,South Exhibit Halls S3-S23 — S1418,,,"Rides (Dry) > Carousels | Rides (Dry) > Kiddie | Rides (Dry) > Used Equipment | Water Related Equipment & Supplies > Dry Rides (Rafts, Flumes)",,,,,,https://iaapaexpoeurope26.mapyourshow.com/8_0/exhibitor/exhibitor-details.cfm?exhid=464,2026-04-28T15:22:15
636,accesso,"Unit 5, The Pavilions Ruscombe ParkTwyfordReading RG10 9NNUnited Kingdom",,,"Unit 5, The Pavilions Ruscombe ParkTwyfordReading RG10 9NNUnited Kingdom","Unit 5, The Pavilions Ruscombe ParkTwyfordReading RG10 9NNUnited Kingdom",,,South Exhibit Halls S3-S23 — S2123,,,,,,,,,https://iaapaexpoeurope26.mapyourshow.com/8_0/exhibitor/exhibitor-details.cfm?exhid=636,2026-04-28T15:22:19
5999,Ace Amusement,"#5 Building, No. 6, HengFeng 6th Road,Gangkou Town, Zhongshan, Guangdong, P. R. ChinaZhongshanGuangdong  528447China Mainlandwww.Ace-Amusement.com",,,"#5 Building, No. 6, HengFeng 6th Road,Gangkou Town, Zhongshan, Guangdong, P. R. ChinaZhongshanGuangdong  528447China Mainlandwww.Ace-Amusement.com","#5 Building, No. 6, HengFeng 6th Road,Gangkou Town, Zhongshan, Guangdong, P. R. ChinaZhongshanGuangdong  528447China Mainlandwww.Ace-Amusement.com",http://www.Ace-Amusement.com,,South Exhibit Halls S3-S23 — S2003,,,Coin-Operated Machines (Non-Game) > Coin-Operated Machines (Non-Game) | Games & Devices > Arcade & Video | Games & Devices > Redemption Prizes | Games & Devices > Water,,,,,,https://iaapaexpoeurope26.mapyourshow.com/8_0/exhibitor/exhibitor-details.cfm?exhid=5999,2026-04-28T15:22:23
10490,ACE MANUFACTORY LIMITED,"54-56 HILLWOOD ROAD, LEADER COMMERCIAL BLDG., 7/F, RM 701KOWLOON00852Hong Kongwww.globaltoys.ltd",,,"54-56 HILLWOOD ROAD, LEADER COMMERCIAL BLDG., 7/F, RM 701KOWLOON00852Hong Kongwww.globaltoys.ltd","54-56 HILLWOOD ROAD, LEADER COMMERCIAL BLDG., 7/F, RM 701KOWLOON00852Hong Kongwww.globaltoys.ltd",http://www.globaltoys.ltd,,South Exhibit Halls S3-S23 — S814,,,"Food & Beverages > Vending Machines | Games & Devices > Midway & Skill | Games & Devices > Redemption Prizes | Gifts, Novelties, Souvenirs > Plush",,,,,,https://iaapaexpoeurope26.mapyourshow.com/8_0/exhibitor/exhibitor-details.cfm?exhid=10490,2026-04-28T15:22:26
5605,Acro-Jeux,"474, rue Louis DelagePerpignan66000France",,,"474, rue Louis DelagePerpignan66000France","474, rue Louis DelagePerpignan66000France",,,South Exhibit Halls S3-S23 — S4507,,,,,,,,,https://iaapaexpoeurope26.mapyourshow.com/8_0/exhibitor/exhibitor-details.cfm?exhid=5605,2026-04-28T15:22:30
10734,ADIPS Ltd.,Unit 16North East BicEnterprise Park EastWearfieldSunderland SR5 2TAUnited Kingdomwww.adips.co.uk,,,Unit 16North East BicEnterprise Park EastWearfieldSunderland SR5 2TAUnited Kingdomwww.adips.co.uk,Unit 16North East BicEnterprise Park EastWearfieldSunderland SR5 2TAUnited Kingdomwww.adips.co.uk,http://www.adips.co.uk,,South Exhibit Halls S3-S23 — TT015,,,Coin-Operated Machines (Non-Game) > Coin-Operated Machines (Non-Game) | Consultants > Ride Testing/Inspection | Consultants > Safety/Medical | Rides (Dry) > Major,,,,,,https://iaapaexpoeurope26.mapyourshow.com/8_0/exhibitor/exhibitor-details.cfm?exhid=10734,2026-04-28T15:22:33
10126,"Adler Amusement Equipment Co., Ltd.","Room 904, Baolong International Center, No.6 Building, Xiwang Road, Jiading DistrictShanghai201810China Mainland",,,"Room 904, Baolong International Center, No.6 Building, Xiwang Road, Jiading DistrictShanghai201810China Mainland","Room 904, Baolong International Center, No.6 Building, Xiwang Road, Jiading DistrictShanghai201810China Mainland",,,South Exhibit Halls S3-S23 — S1111,,,Construction > Amusement Facilities,,,,,,https://iaapaexpoeurope26.mapyourshow.com/8_0/exhibitor/exhibitor-details.cfm?exhid=10126,2026-04-28T15:22:36
5115,Adrenaline  Constructions,"Strada Gran Prè, 21MarebbeBZ  39030Italywww.adrenalineconstructions.com",,,"Strada Gran Prè, 21MarebbeBZ  39030Italywww.adrenalineconstructions.com","Strada Gran Prè, 21MarebbeBZ  39030Italywww.adrenalineconstructions.com",http://www.adrenalineconstructions.com,,South Exhibit Halls S3-S23 — S4812,,,Participatory Play Equipment > Interactive Sports/Zip Lines,,,,,,https://iaapaexpoeurope26.mapyourshow.com/8_0/exhibitor/exhibitor-details.cfm?exhid=5115,2026-04-28T15:22:39
10461,Advatek Lighting,"Unit 1, 3-5 Gilda Court, MulgraveMelbourneVictoria 3170Australiawww.advateklighting.com",,,"Unit 1, 3-5 Gilda Court, MulgraveMelbourneVictoria 3170Australiawww.advateklighting.com","Unit 1, 3-5 Gilda Court, MulgraveMelbourneVictoria 3170Australiawww.advateklighting.com",https://www.advateklighting.com,,North Exhibit Halls N19-N23 — N4919,,"Advatek is an Australian based pixel controller manufacturer powering the world’s most impressive shows, installations and events. Since starting in Melbourne in 2012, we’ve led the way in advanced LED pixel controllers, lighting everything from seasonal displays and architecture to theme parks and film sets. Every Advatek product pushes boundaries while delivering dependable design, strong warranties and unwavering quality, reliability and service.",Displays & Sets > Scenery & Sets | Rides (Dry) > Dark | Theatrical Equipment & Supplies > Audio/Visual | Theatrical Equipment & Supplies > Lighting,https://www.facebook.com/advateklights,https://www.linkedin.com/company/19256361/admin/dashboard/,https://www.instagram.com/advatek,,,https://iaapaexpoeurope26.mapyourshow.com/8_0/exhibitor/exhibitor-details.cfm?exhid=10461,2026-04-28T15:22:42
2100,Aerodium,Valerijas Seiles str 6RigaLV 1003Latviawww.aerodium.technology,,,Valerijas Seiles str 6RigaLV 1003Latviawww.aerodium.technology,Valerijas Seiles str 6RigaLV 1003Latviawww.aerodium.technology,http://www.aerodium.technology,,South Exhibit Halls S3-S23 — S3745,,,Rides (Dry) > Major,,,,,,https://iaapaexpoeurope26.mapyourshow.com/8_0/exhibitor/exhibitor-details.cfm?exhid=2100,2026-04-28T15:22:46
536,AEROPHILE,17 RUE VASCO DE GAMAParisNOT REQUIRED FOR THIS COUNTRY  75015FranceWWW.AEROPHILE.COM,,,17 RUE VASCO DE GAMAParisNOT REQUIRED FOR THIS COUNTRY  75015FranceWWW.AEROPHILE.COM,17 RUE VASCO DE GAMAParisNOT REQUIRED FOR THIS COUNTRY  75015FranceWWW.AEROPHILE.COM,http://WWW.AEROPHILE.COM,,South Exhibit Halls S3-S23 — S122,,,Rides (Dry) > Major,,,,,,https://iaapaexpoeurope26.mapyourshow.com/8_0/exhibitor/exhibitor-details.cfm?exhid=536,2026-04-28T15:22:49
10542,AFACANPARK,Ata OSB Mah. Astim 3. Cad. No:4EfelerAydin 0900Turkey,,,Ata OSB Mah. Astim 3. Cad. No:4EfelerAydin 0900Turkey,Ata OSB Mah. Astim 3. Cad. No:4EfelerAydin 0900Turkey,,,South Exhibit Halls S3-S23 — S3511,,,,,,,,,https://iaapaexpoeurope26.mapyourshow.com/8_0/exhibitor/exhibitor-details.cfm?exhid=10542,2026-04-28T15:22:53
10764,AI Gaming Ltd,"Unit 16 Dunstall Hill Trading Estate, Gorsebrook RoadGorsebrook RoadWolverhamptonWest Midlands WV6 0PJUnited Kingdom",,,"Unit 16 Dunstall Hill Trading Estate, Gorsebrook RoadGorsebrook RoadWolverhamptonWest Midlands WV6 0PJUnited Kingdom","Unit 16 Dunstall Hill Trading Estate, Gorsebrook RoadGorsebrook RoadWolverhamptonWest Midlands WV6 0PJUnited Kingdom",,,North Exhibit Halls N19-N23 — N5128 | North Exhibit Halls N19-N23 — N5133,,,,,,,,,https://iaapaexpoeurope26.mapyourshow.com/8_0/exhibitor/exhibitor-details.cfm?exhid=10764,2026-04-28T15:22:56
4454,Aier Inflatable Group Co. Ltd,,,,,,,,,,,,,,,,,https://iaapaexpoeurope26.mapyourshow.com/8_0/exhibitor/exhibitor-details.cfm?exhid=4454,
4053,AIRO Amusement Equipment Co. Ltd.,,,,,,,,,,,,,,,,,https://iaapaexpoeurope26.mapyourshow.com/8_0/exhibitor/exhibitor-details.cfm?exhid=4053,
8666,Airquee Group inc. Airparx,,,,,,,,,,,,,,,,,https://iaapaexpoeurope26.mapyourshow.com/8_0/exhibitor/exhibitor-details.cfm?exhid=8666,
7916,AirTrack Factory,,,,,,,,,,,,,,,,,https://iaapaexpoeurope26.mapyourshow.com/8_0/exhibitor/exhibitor-details.cfm?exhid=7916,
10733,Aix-Hydro,,,,,,,,,,,,,,,,,https://iaapaexpoeurope26.mapyourshow.com/8_0/exhibitor/exhibitor-details.cfm?exhid=10733,
4752,Akrobat,,,,,,,,,,,,,,,,,https://iaapaexpoeurope26.mapyourshow.com/8_0/exhibitor/exhibitor-details.cfm?exhid=4752,
4910,Alberici,,,,,,,,,,,,,,,,,https://iaapaexpoeurope26.mapyourshow.com/8_0/exhibitor/exhibitor-details.cfm?exhid=4910,
10560,All Things Nice Vending Ltd.,,,,,,,,,,,,,,,,,https://iaapaexpoeurope26.mapyourshow.com/8_0/exhibitor/exhibitor-details.cfm?exhid=10560,
586,Alterface,,,,,,,,,,,,,,,,,https://iaapaexpoeurope26.mapyourshow.com/8_0/exhibitor/exhibitor-details.cfm?exhid=586,
2519,ALTUS / KOALA EQUIPMENT,,,,,,,,,,,,,,,,,https://iaapaexpoeurope26.mapyourshow.com/8_0/exhibitor/exhibitor-details.cfm?exhid=2519,
10635,ALV International d.o.o.,,,,,,,,,,,,,,,,,https://iaapaexpoeurope26.mapyourshow.com/8_0/exhibitor/exhibitor-details.cfm?exhid=10635,
2945,Ameco Playgrounds,,,,,,,,,,,,,,,,,https://iaapaexpoeurope26.mapyourshow.com/8_0/exhibitor/exhibitor-details.cfm?exhid=2945,
10102,Amodino China,,,,,,,,,,,,,,,,,https://iaapaexpoeurope26.mapyourshow.com/8_0/exhibitor/exhibitor-details.cfm?exhid=10102,
8987,AMUSOIRE,,,,,,,,,,,,,,,,,https://iaapaexpoeurope26.mapyourshow.com/8_0/exhibitor/exhibitor-details.cfm?exhid=8987,
10437,"Anhui Thindy Slide co., Ltd.",,,,,,,,,,,,,,,,,https://iaapaexpoeurope26.mapyourshow.com/8_0/exhibitor/exhibitor-details.cfm?exhid=10437,
4322,Ankam Water Park Equipment,,,,,,,,,,,,,,,,,https://iaapaexpoeurope26.mapyourshow.com/8_0/exhibitor/exhibitor-details.cfm?exhid=4322,
5092,Antalya Park,,,,,,,,,,,,,,,,,https://iaapaexpoeurope26.mapyourshow.com/8_0/exhibitor/exhibitor-details.cfm?exhid=5092,
599,Aoqi Inflatables Limited,,,,,,,,,,,,,,,,,https://iaapaexpoeurope26.mapyourshow.com/8_0/exhibitor/exhibitor-details.cfm?exhid=599,
7227,APARC WATER SLIDES,,,,,,,,,,,,,,,,,https://iaapaexpoeurope26.mapyourshow.com/8_0/exhibitor/exhibitor-details.cfm?exhid=7227,
1888,API WATER FUN,,,,,,,,,,,,,,,,,https://iaapaexpoeurope26.mapyourshow.com/8_0/exhibitor/exhibitor-details.cfm?exhid=1888,
293,Apple Industries,,,,,,,,,,,,,,,,,https://iaapaexpoeurope26.mapyourshow.com/8_0/exhibitor/exhibitor-details.cfm?exhid=293,
2757,Aqua Drolics,,,,,,,,,,,,,,,,,https://iaapaexpoeurope26.mapyourshow.com/8_0/exhibitor/exhibitor-details.cfm?exhid=2757,
10462,Aquafun Parks Products,,,,,,,,,,,,,,,,,https://iaapaexpoeurope26.mapyourshow.com/8_0/exhibitor/exhibitor-details.cfm?exhid=10462,
409,AQUAKITA,,,,,,,,,,,,,,,,,https://iaapaexpoeurope26.mapyourshow.com/8_0/exhibitor/exhibitor-details.cfm?exhid=409,
8435,Aqualand Industries,,,,,,,,,,,,,,,,,https://iaapaexpoeurope26.mapyourshow.com/8_0/exhibitor/exhibitor-details.cfm?exhid=8435,
10496,Aqualine Waterparks & Technology,,,,,,,,,,,,,,,,,https://iaapaexpoeurope26.mapyourshow.com/8_0/exhibitor/exhibitor-details.cfm?exhid=10496,
1693,AQUARENA GmbH,,,,,,,,,,,,,,,,,https://iaapaexpoeurope26.mapyourshow.com/8_0/exhibitor/exhibitor-details.cfm?exhid=1693,
4248,AQUATEC Europe,,,,,,,,,,,,,,,,,https://iaapaexpoeurope26.mapyourshow.com/8_0/exhibitor/exhibitor-details.cfm?exhid=4248,
10612,ArcaMaster Inc,,,,,,,,,,,,,,,,,https://iaapaexpoeurope26.mapyourshow.com/8_0/exhibitor/exhibitor-details.cfm?exhid=10612,
10760,Arctic,,,,,,,,,,,,,,,,,https://iaapaexpoeurope26.mapyourshow.com/8_0/exhibitor/exhibitor-details.cfm?exhid=10760,
229,Arihant Water Park Equipment,,,,,,,,,,,,,,,,,https://iaapaexpoeurope26.mapyourshow.com/8_0/exhibitor/exhibitor-details.cfm?exhid=229,
10600,AromaPrime,,,,,,,,,,,,,,,,,https://iaapaexpoeurope26.mapyourshow.com/8_0/exhibitor/exhibitor-details.cfm?exhid=10600,
493,Art Attack FX,,,,,,,,,,,,,,,,,https://iaapaexpoeurope26.mapyourshow.com/8_0/exhibitor/exhibitor-details.cfm?exhid=493,
8114,ART Engineering,,,,,,,,,,,,,,,,,https://iaapaexpoeurope26.mapyourshow.com/8_0/exhibitor/exhibitor-details.cfm?exhid=8114,
7825,Arti FX Curious Creations,,,,,,,,,,,,,,,,,https://iaapaexpoeurope26.mapyourshow.com/8_0/exhibitor/exhibitor-details.cfm?exhid=7825,
10682,Arti Grafiche Julia S.p.A,,,,,,,,,,,,,,,,,https://iaapaexpoeurope26.mapyourshow.com/8_0/exhibitor/exhibitor-details.cfm?exhid=10682,
10759,Association of Indoor Play,,,,,,,,,,,,,,,,,https://iaapaexpoeurope26.mapyourshow.com/8_0/exhibitor/exhibitor-details.cfm?exhid=10759,
10714,AStation,,,,,,,,,,,,,,,,,https://iaapaexpoeurope26.mapyourshow.com/8_0/exhibitor/exhibitor-details.cfm?exhid=10714,
5093,ATELIER EMOCIO,,,,,,,,,,,,,,,,,https://iaapaexpoeurope26.mapyourshow.com/8_0/exhibitor/exhibitor-details.cfm?exhid=5093,
7223,ATEN Loisirs,,,,,,,,,,,,,,,,,https://iaapaexpoeurope26.mapyourshow.com/8_0/exhibitor/exhibitor-details.cfm?exhid=7223,
4776,Atlantis Waterparks & Pool Systems,,,,,,,,,,,,,,,,,https://iaapaexpoeurope26.mapyourshow.com/8_0/exhibitor/exhibitor-details.cfm?exhid=4776,
5224,ATRAX EXPO,,,,,,,,,,,,,,,,,https://iaapaexpoeurope26.mapyourshow.com/8_0/exhibitor/exhibitor-details.cfm?exhid=5224,
10628,AttractionBiz,,,,,,,,,,,,,,,,,https://iaapaexpoeurope26.mapyourshow.com/8_0/exhibitor/exhibitor-details.cfm?exhid=10628,
7660,Attractions Factory,,,,,,,,,,,,,,,,,https://iaapaexpoeurope26.mapyourshow.com/8_0/exhibitor/exhibitor-details.cfm?exhid=7660,
2598,Attractions.io,,,,,,,,,,,,,,,,,https://iaapaexpoeurope26.mapyourshow.com/8_0/exhibitor/exhibitor-details.cfm?exhid=2598,
3327,Attraktion! GmbH,,,,,,,,,,,,,,,,,https://iaapaexpoeurope26.mapyourshow.com/8_0/exhibitor/exhibitor-details.cfm?exhid=3327,
10721,Attraxion,,,,,,,,,,,,,,,,,https://iaapaexpoeurope26.mapyourshow.com/8_0/exhibitor/exhibitor-details.cfm?exhid=10721,
5915,aufwind.rides,,,,,,,,,,,,,,,,,https://iaapaexpoeurope26.mapyourshow.com/8_0/exhibitor/exhibitor-details.cfm?exhid=5915,
711,Avius,,,,,,,,,,,,,,,,,https://iaapaexpoeurope26.mapyourshow.com/8_0/exhibitor/exhibitor-details.cfm?exhid=711,
1934,Axess,,,,,,,,,,,,,,,,,https://iaapaexpoeurope26.mapyourshow.com/8_0/exhibitor/exhibitor-details.cfm?exhid=1934,
10741,BALPPA,,,,,,,,,,,,,,,,,https://iaapaexpoeurope26.mapyourshow.com/8_0/exhibitor/exhibitor-details.cfm?exhid=10741,
1402,Bandai Namco Amusement Europe Ltd,,,,,,,,,,,,,,,,,https://iaapaexpoeurope26.mapyourshow.com/8_0/exhibitor/exhibitor-details.cfm?exhid=1402,
10045,BATTLE START,,,,,,,,,,,,,,,,,https://iaapaexpoeurope26.mapyourshow.com/8_0/exhibitor/exhibitor-details.cfm?exhid=10045,
8360,BattleKart Europe SA,,,,,,,,,,,,,,,,,https://iaapaexpoeurope26.mapyourshow.com/8_0/exhibitor/exhibitor-details.cfm?exhid=8360,
8494,Beat The Storm,,,,,,,,,,,,,,,,,https://iaapaexpoeurope26.mapyourshow.com/8_0/exhibitor/exhibitor-details.cfm?exhid=8494,
8595,Beckhoff Automation,,,,,,,,,,,,,,,,,https://iaapaexpoeurope26.mapyourshow.com/8_0/exhibitor/exhibitor-details.cfm?exhid=8595,
10605,"Beijing Red Sun Bowling Technology Co., Ltd",,,,,,,,,,,,,,,,,https://iaapaexpoeurope26.mapyourshow.com/8_0/exhibitor/exhibitor-details.cfm?exhid=10605,
10614,"Beijing YIDELI Amusement Equipment Co.,ltd",,,,,,,,,,,,,,,,,https://iaapaexpoeurope26.mapyourshow.com/8_0/exhibitor/exhibitor-details.cfm?exhid=10614,
10549,"Beijing Yingda Technology Development Co., Ltd",,,,,,,,,,,,,,,,,https://iaapaexpoeurope26.mapyourshow.com/8_0/exhibitor/exhibitor-details.cfm?exhid=10549,
10475,Bellus Toys & Creative Concepts,,,,,,,,,,,,,,,,,https://iaapaexpoeurope26.mapyourshow.com/8_0/exhibitor/exhibitor-details.cfm?exhid=10475,
4888,Berliner Seilfabrik – Play equipment for life,,,,,,,,,,,,,,,,,https://iaapaexpoeurope26.mapyourshow.com/8_0/exhibitor/exhibitor-details.cfm?exhid=4888,
105,BERTAZZON,,,,,,,,,,,,,,,,,https://iaapaexpoeurope26.mapyourshow.com/8_0/exhibitor/exhibitor-details.cfm?exhid=105,
7295,"Beslepark Amusement Co., Ltd",,,,,,,,,,,,,,,,,https://iaapaexpoeurope26.mapyourshow.com/8_0/exhibitor/exhibitor-details.cfm?exhid=7295,
5328,BIGAIRBAG,,,,,,,,,,,,,,,,,https://iaapaexpoeurope26.mapyourshow.com/8_0/exhibitor/exhibitor-details.cfm?exhid=5328,
10484,"Binzhou Colorful Nets Amusement Equipment Co., Ltd.",,,,,,,,,,,,,,,,,https://iaapaexpoeurope26.mapyourshow.com/8_0/exhibitor/exhibitor-details.cfm?exhid=10484,
8731,BITRONIC,,,,,,,,,,,,,,,,,https://iaapaexpoeurope26.mapyourshow.com/8_0/exhibitor/exhibitor-details.cfm?exhid=8731,
8016,Biz Karts,,,,,,,,,,,,,,,,,https://iaapaexpoeurope26.mapyourshow.com/8_0/exhibitor/exhibitor-details.cfm?exhid=8016,
7271,Black Light Unity: Blacklight Print & Design,,,,,,,,,,,,,,,,,https://iaapaexpoeurope26.mapyourshow.com/8_0/exhibitor/exhibitor-details.cfm?exhid=7271,
10657,Blacklight Attractions,,,,,,,,,,,,,,,,,https://iaapaexpoeurope26.mapyourshow.com/8_0/exhibitor/exhibitor-details.cfm?exhid=10657,
4078,BMI Leisure,,,,,,,,,,,,,,,,,https://iaapaexpoeurope26.mapyourshow.com/8_0/exhibitor/exhibitor-details.cfm?exhid=4078,
8,"BOB'S SPACE RACERS, INC.",,,,,,,,,,,,,,,,,https://iaapaexpoeurope26.mapyourshow.com/8_0/exhibitor/exhibitor-details.cfm?exhid=8,
8030,BoldMove Nation,,,,,,,,,,,,,,,,,https://iaapaexpoeurope26.mapyourshow.com/8_0/exhibitor/exhibitor-details.cfm?exhid=8030,
156,Bolliger & Mabillard Inc.,,,,,,,,,,,,,,,,,https://iaapaexpoeurope26.mapyourshow.com/8_0/exhibitor/exhibitor-details.cfm?exhid=156,
8429,Booked it,,,,,,,,,,,,,,,,,https://iaapaexpoeurope26.mapyourshow.com/8_0/exhibitor/exhibitor-details.cfm?exhid=8429,
10696,bookingkit GmbH,,,,,,,,,,,,,,,,,https://iaapaexpoeurope26.mapyourshow.com/8_0/exhibitor/exhibitor-details.cfm?exhid=10696,
7167,Bowling Europe,,,,,,,,,,,,,,,,,https://iaapaexpoeurope26.mapyourshow.com/8_0/exhibitor/exhibitor-details.cfm?exhid=7167,
8051,Bravo Amusement,,,,,,,,,,,,,,,,,https://iaapaexpoeurope26.mapyourshow.com/8_0/exhibitor/exhibitor-details.cfm?exhid=8051,
1296,"Brogent Technologies, Inc.",,,,,,,,,,,,,,,,,https://iaapaexpoeurope26.mapyourshow.com/8_0/exhibitor/exhibitor-details.cfm?exhid=1296,
256,BRUNSWICK BOWLING PRODUCTS,,,,,,,,,,,,,,,,,https://iaapaexpoeurope26.mapyourshow.com/8_0/exhibitor/exhibitor-details.cfm?exhid=256,
10707,Bubble Inc. Ltd,,,,,,,,,,,,,,,,,https://iaapaexpoeurope26.mapyourshow.com/8_0/exhibitor/exhibitor-details.cfm?exhid=10707,
8052,BURSAPARK INDOOR PLAYGROUNDS,,,,,,,,,,,,,,,,,https://iaapaexpoeurope26.mapyourshow.com/8_0/exhibitor/exhibitor-details.cfm?exhid=8052,
7062,BUSSINK OBSERVATION WHEELS,,,,,,,,,,,,,,,,,https://iaapaexpoeurope26.mapyourshow.com/8_0/exhibitor/exhibitor-details.cfm?exhid=7062,
1247,Buzzpark,"Kazim Karabekir Mah., Bekir Saydam Cad.,No:104, A11 Blok, No: 5,Pancar-Ayrancilar",TORBALI,IZMIRIZMIR   35865,Turkey,"Kazim Karabekir Mah., Bekir Saydam Cad.,No:104, A11 Blok, No: 5,Pancar-Ayrancilar, TORBALI, IZMIRIZMIR   35865, Turkey",http://WWW.BUZZPARKTURKEY.COM,,South Exhibit Halls S3-S23 — S217,S217,,Participatory Play Equipment > Children's Play Elements,,,,,,https://iaapaexpoeurope26.mapyourshow.com/8_0/exhibitor/exhibitor-details.cfm?exhid=1247,2026-04-28T15:26:41
10317,"Cangzhou Warrior Outward Bound appliance Co., Ltd.","Yaozhuang village, Machang town, Qing County",CangzhouHebei,China Mainland,China Mainland,"Yaozhuang village, Machang town, Qing County, CangzhouHebei, China Mainland",,,South Exhibit Halls S3-S23 — S3333,S3333,,,,,,,,https://iaapaexpoeurope26.mapyourshow.com/8_0/exhibitor/exhibitor-details.cfm?exhid=10317,2026-04-28T15:26:41
10701,Carrousel des Desserts,6 Rue du Bois Carré,MontévrainN/A 77144,France,France,"6 Rue du Bois Carré, MontévrainN/A 77144, France",http://carrouseldesdesserts.com,,South Exhibit Halls S3-S23 — S3340,S3340,,Food & Beverages > Foodservice Supplies | Food & Beverages > Ice Cream/Candy/Sweets | Food & Beverages > Popcorn/Pretzels/Snack Food,,,,,,https://iaapaexpoeurope26.mapyourshow.com/8_0/exhibitor/exhibitor-details.cfm?exhid=10701,2026-04-28T15:26:41
8651,CBK Technik Group,Dylewo 1A,Rypin87-500,Poland,Poland,"Dylewo 1A, Rypin87-500, Poland",,,South Exhibit Halls S3-S23 — S245,S245,,Construction > Amusement Facilities,,,,,,https://iaapaexpoeurope26.mapyourshow.com/8_0/exhibitor/exhibitor-details.cfm?exhid=8651,2026-04-28T15:26:41
10591,CDX Technology,CDX TECHNOLOGY EUROPE B.V.,Silvoldseweg 89,Terborg7061 DM,Netherlands,"CDX TECHNOLOGY EUROPE B.V., Silvoldseweg 89, Terborg7061 DM, Netherlands",http://www.cdx-technology.com,,South Exhibit Halls S3-S23 — S1738,S1738,,,,,,,,https://iaapaexpoeurope26.mapyourshow.com/8_0/exhibitor/exhibitor-details.cfm?exhid=10591,2026-04-28T15:26:41
2901,CHAIRKIT Fördertechnik GmbH,Sportplatzweg 5a,Langkampfen6336,Austria,Austria,"Sportplatzweg 5a, Langkampfen6336, Austria",http://chairkit.com,,South Exhibit Halls S3-S23 — S2917,S2917,,"Rides (Dry) > Dark | Water Related Equipment & Supplies > Dry Rides (Rafts, Flumes) | Water Related Equipment & Supplies > Wet Rides (Slides, Tubes)",,,,,,https://iaapaexpoeurope26.mapyourshow.com/8_0/exhibitor/exhibitor-details.cfm?exhid=2901,2026-04-28T15:26:41
9,"Chance Rides, LLC",4200 W. WALKER,WichitaKansas 67209,United States,United States,"4200 W. WALKER, WichitaKansas 67209, United States",http://CHANCERIDES.COM,,South Exhibit Halls S3-S23 — S4002,S4002,,"Rides (Dry) > Carousels | Rides (Dry) > Major | Rides (Dry) > Roller Coasters | Rides (Dry) > Service, Repair & Parts",,,,,,https://iaapaexpoeurope26.mapyourshow.com/8_0/exhibitor/exhibitor-details.cfm?exhid=9,2026-04-28T15:26:41
540,Cheer Amusement,Nanjing211113,China,,China,"Nanjing211113, China",,,South Exhibit Halls S3-S23 — S703,S703,,,,,,,,https://iaapaexpoeurope26.mapyourshow.com/8_0/exhibitor/exhibitor-details.cfm?exhid=540,2026-04-28T15:26:41
10551,Chfuntek Limited Company,"507, A1 Building, Minjie Xiangman Gongguan, Yingxin Dong Rd 209, Donghuan Street, Panyu",GuangzhouGuangdong 511450,Germany,Germany,"507, A1 Building, Minjie Xiangman Gongguan, Yingxin Dong Rd 209, Donghuan Street, Panyu, GuangzhouGuangdong 511450, Germany",,,South Exhibit Halls S3-S23 — S1344,S1344,,,,,,,,https://iaapaexpoeurope26.mapyourshow.com/8_0/exhibitor/exhibitor-details.cfm?exhid=10551,2026-04-28T15:26:41
10645,Chuliang Technology (HK) Limited,"Room 11, Smart-Space 3F, Level 9, Core F, Cyberport 3, 100 Cyberport Road",Hong KongN/A N/A,China,China,"Room 11, Smart-Space 3F, Level 9, Core F, Cyberport 3, 100 Cyberport Road, Hong KongN/A N/A, China",,,South Exhibit Halls S3-S23 — S3640,S3640,,Displays & Sets > Amusement Buildings/Fronts | Games & Devices > Arcade & Video | Hi-Tech Equipment & Services > Simulation | Hi-Tech Equipment & Services > Virtual Reality,,,,,,https://iaapaexpoeurope26.mapyourshow.com/8_0/exhibitor/exhibitor-details.cfm?exhid=10645,2026-04-28T15:26:41
7781,"Cici's Inflatables Co.,LTD","Qingquan Road 3th, Baisha Village, Zhongluotan Town, Baiyun District",GuangzhouGuangdong  510000,China Mainland,China Mainland,"Qingquan Road 3th, Baisha Village, Zhongluotan Town, Baiyun District, GuangzhouGuangdong  510000, China Mainland",,,South Exhibit Halls S3-S23 — S1945,S1945,,,,,,,,https://iaapaexpoeurope26.mapyourshow.com/8_0/exhibitor/exhibitor-details.cfm?exhid=7781,2026-04-28T15:26:41
8591,CIMOLAI TECHNOLOGY,Via dell’Industria e dell’Artigianato 17,Carmignano di Brenta(PD)  35010,Italy,Italy,"Via dell’Industria e dell’Artigianato 17, Carmignano di Brenta(PD)  35010, Italy",http://www.cimolaitechnology.com,,South Exhibit Halls S3-S23 — S4427,S4427,,Construction > Amusement Facilities | Facility & Grounds > Bridges | Facility & Grounds > Maintenance/Electrical Equipment,,,,,,https://iaapaexpoeurope26.mapyourshow.com/8_0/exhibitor/exhibitor-details.cfm?exhid=8591,2026-04-28T15:26:41
0010B00001xjm7cQAA,Citizen Systems Europe GmbH,Otto-Hirsch-Bruecken 17,Stuttgart70329,Germany,Germany,"Otto-Hirsch-Bruecken 17, Stuttgart70329, Germany",http://www.citizen-systems.com,,South Exhibit Halls S3-S23 — S1701,S1701,,Computer Systems/Software > Point of Sale | Photographic > Equipment & Supplies | Photographic > Photo Booths | Printing > Tickets,,,,,,https://iaapaexpoeurope26.mapyourshow.com/8_0/exhibitor/exhibitor-details.cfm?exhid=0010B00001xjm7cQAA,2026-04-28T15:26:41
2265,City Golf Europe,Maskingatan 3,Örnsköldsvik89150,Sweden,Sweden,"Maskingatan 3, Örnsköldsvik89150, Sweden",http://www.citygolf.com,,South Exhibit Halls S3-S23 — S1012 | South Exhibit Halls S3-S23 — S812,S1012 | S812,,Construction > Amusement Facilities | Construction > Family Entertainment | Construction > Miniature Golf Courses | Participatory Play Equipment > Miniature Golf,,,,,,https://iaapaexpoeurope26.mapyourshow.com/8_0/exhibitor/exhibitor-details.cfm?exhid=2265,2026-04-28T15:26:41
8738,Clear Digital,1100 Thousand Oaks Blvd,GreenvilleSC  29607,United States,United States,"1100 Thousand Oaks Blvd, GreenvilleSC  29607, United States",https://www.getcleardigital.com,,South Exhibit Halls S3-S23 — S4536,S4536,"Clear Digital: Where Dynamic Displays and Vibrant Solutions Redefine Your Business. Elevate your brand with vivid excellence that empowers your business and engages viewers in an immersive, dynamic experience. With our cutting-edge interactive solutions, content clarity is maximized, and excitement is ignited, creating an out-of-this-world experience where curiosity thrives, and messaging is truly illuminated. Allow Clear Digital to redefine your brand, amplify your messaging, and impact!",Displays & Sets > Signs | Theatrical Equipment & Supplies > Audio/Visual | Themed Retail Stores > Retail Displays & Fixtures,https://www.facebook.com/getcleardigital,https://www.linkedin.com/company/getcleardigital/,https://www.instagram.com/getcleardigital/,https://twitter.com/getcleardigital,,https://iaapaexpoeurope26.mapyourshow.com/8_0/exhibitor/exhibitor-details.cfm?exhid=8738,2026-04-28T15:26:41
2966,Clip 'n Climb,"EP Climbing, Eden Works, Colne Road",KelbrookLancashire BB18 6SH,United Kingdom,United Kingdom,"EP Climbing, Eden Works, Colne Road, KelbrookLancashire BB18 6SH, United Kingdom",http://www.clipnclimb.com,,South Exhibit Halls S3-S23 — S1202,S1202,,Construction > Amusement Facilities | Construction > Family Entertainment | Participatory Play Equipment > Climbing Walls,,,,,,https://iaapaexpoeurope26.mapyourshow.com/8_0/exhibitor/exhibitor-details.cfm?exhid=2966,2026-04-28T15:26:41
10467,CLS LED BV,Bijsterhuizen 2523,Wijchen6604 LM,Netherlands,Netherlands,"Bijsterhuizen 2523, Wijchen6604 LM, Netherlands",http://www.cls-led.com,,South Exhibit Halls S3-S23 — S4506,S4506,,Theatrical Equipment & Supplies > Lighting,,,,,,https://iaapaexpoeurope26.mapyourshow.com/8_0/exhibitor/exhibitor-details.cfm?exhid=10467,2026-04-28T15:26:41
5694,Co-creation Dinosaur,"Team 12, Wujia Village, Dashanpu Town, Da'an District",ZigongSichuan  643000,China Mainland,China Mainland,"Team 12, Wujia Village, Dashanpu Town, Da'an District, ZigongSichuan  643000, China Mainland",,,South Exhibit Halls S3-S23 — S4728,S4728,,"Construction > Amusement Facilities | Gifts, Novelties, Souvenirs > Miscellaneous | Hi-Tech Equipment & Services > Animatronics | Hi-Tech Equipment & Services > Simulation",,,,,,https://iaapaexpoeurope26.mapyourshow.com/8_0/exhibitor/exhibitor-details.cfm?exhid=5694,2026-04-28T15:26:41
439,Cogan SRL,"Via A. Boito, 150",Soliera(MO)  41019,Italy,Italy,"Via A. Boito, 150, Soliera(MO)  41019, Italy",,,South Exhibit Halls S3-S23 — S2214,S2214,,Coin-Operated Machines (Non-Game) > Coin-Operated Machines (Non-Game),,,,,,https://iaapaexpoeurope26.mapyourshow.com/8_0/exhibitor/exhibitor-details.cfm?exhid=439,2026-04-28T15:26:41
10633,COGS Show Control,5-7 Buck Street,LondonNW18NJ,United Kingdom,United Kingdom,"5-7 Buck Street, LondonNW18NJ, United Kingdom",https://cogs.show/,,South Exhibit Halls S3-S23 — S4040,S4040,,Computer Systems/Software > Software | Theatrical Equipment & Supplies > Miscellaneous,,,,,,https://iaapaexpoeurope26.mapyourshow.com/8_0/exhibitor/exhibitor-details.cfm?exhid=10633,2026-04-28T15:26:41
10481,Colordrops Creations,"Bd. Muncii, 12",Cluj NapocaCluj 400641,Romania,Romania,"Bd. Muncii, 12, Cluj NapocaCluj 400641, Romania",https://colordrops.ro/,,South Exhibit Halls S3-S23 — S4830,S4830,,,,,,,,https://iaapaexpoeurope26.mapyourshow.com/8_0/exhibitor/exhibitor-details.cfm?exhid=10481,2026-04-28T15:26:41
10559,Combat Laser Games Ltd,"Unit 3, The Enterprise Centre",Revenue Road,ChathamKent ME5 8UD,United Kingdom,"Unit 3, The Enterprise Centre, Revenue Road, ChathamKent ME5 8UD, United Kingdom",https://laser-tagequipment.com/,,South Exhibit Halls S3-S23 — S3847,S3847,,Participatory Play Equipment > Laser Tag,,,,,,https://iaapaexpoeurope26.mapyourshow.com/8_0/exhibitor/exhibitor-details.cfm?exhid=10559,2026-04-28T15:26:41
5698,CommandCentr,"Signal House, Jacklyns Lane",AlresfordHampshire  SO24 9JJ,United Kingdom,United Kingdom,"Signal House, Jacklyns Lane, AlresfordHampshire  SO24 9JJ, United Kingdom",http://commandcentr.com,,South Exhibit Halls S3-S23 — S5027,S5027,,Computer Systems/Software > Software | Computer Systems/Software > Web-Based Services,,,,,,https://iaapaexpoeurope26.mapyourshow.com/8_0/exhibitor/exhibitor-details.cfm?exhid=5698,2026-04-28T15:26:41
10690,Comply Amusement Safety Ltd,"P.O. Box 949, 9 Malvern Road",WorcesterWR2 4HG Worcestershire,United Kingdom,United Kingdom,"P.O. Box 949, 9 Malvern Road, WorcesterWR2 4HG Worcestershire, United Kingdom",,,South Exhibit Halls S3-S23 — S1433,S1433,,,,,,,,https://iaapaexpoeurope26.mapyourshow.com/8_0/exhibitor/exhibitor-details.cfm?exhid=10690,2026-04-28T15:26:41
1739,Concept 1900,Place Paul Doumer,Saint Gobain02410,France,France,"Place Paul Doumer, Saint Gobain02410, France",http://www.concept1900.com,,South Exhibit Halls S3-S23 — S2623,S2623,,Construction > Amusement Facilities | Construction > Family Entertainment | Displays & Sets > Still Figures | Rides (Dry) > Carousels,,,,,,https://iaapaexpoeurope26.mapyourshow.com/8_0/exhibitor/exhibitor-details.cfm?exhid=1739,2026-04-28T15:26:41
10557,Concept Factory BV,Lichterstraat 79,PuursAntwerp 2870,Belgium,Belgium,"Lichterstraat 79, PuursAntwerp 2870, Belgium",,,South Exhibit Halls S3-S23 — S3937,S3937,,,,,,,,https://iaapaexpoeurope26.mapyourshow.com/8_0/exhibitor/exhibitor-details.cfm?exhid=10557,2026-04-28T15:26:41
8479,CONDUCTR,"Unit F1, Longford Trading Estate",Thomas Street,ManchesterM32 0JT,United Kingdom,"Unit F1, Longford Trading Estate, Thomas Street, ManchesterM32 0JT, United Kingdom",http://www.conductr.com,,South Exhibit Halls S3-S23 — S3627,S3627,,,,,,,,https://iaapaexpoeurope26.mapyourshow.com/8_0/exhibitor/exhibitor-details.cfm?exhid=8479,2026-04-28T15:26:41
5774,Convious,Herengracht 440 A,Amsterdam1017 BZ,Netherlands,Netherlands,"Herengracht 440 A, Amsterdam1017 BZ, Netherlands",http://www.convious.com,,South Exhibit Halls S3-S23 — S4449,S4449,,Computer Systems/Software > Point of Sale | Computer Systems/Software > Software | Computer Systems/Software > Web-Based Services | Printing > Tickets,,,,,,https://iaapaexpoeurope26.mapyourshow.com/8_0/exhibitor/exhibitor-details.cfm?exhid=5774,2026-04-28T15:26:41
4765,Cool Things - IGT s.p.a.,Via Roverella 1,SerravalleSan Marino 47899,San Marino,San Marino,"Via Roverella 1, SerravalleSan Marino 47899, San Marino",http://www.coolthings.sm,,South Exhibit Halls S3-S23 — S700,S700,,"Gifts, Novelties, Souvenirs > Plush",,,,,,https://iaapaexpoeurope26.mapyourshow.com/8_0/exhibitor/exhibitor-details.cfm?exhid=4765,2026-04-28T15:26:41
5636,Cosmic Leisure Ltd & LX-Game,"YouPu Mansion Building 9 No.5 , XingGang South Road, Gangkou Town",ZhongshanGuangdong  528447,China Mainland,China Mainland,"YouPu Mansion Building 9 No.5 , XingGang South Road, Gangkou Town, ZhongshanGuangdong  528447, China Mainland",,,South Exhibit Halls S3-S23 — S1244,S1244,,,,,,,,https://iaapaexpoeurope26.mapyourshow.com/8_0/exhibitor/exhibitor-details.cfm?exhid=5636,2026-04-28T15:26:41
2586,Crazy Jump Italy,"Via Divizia, 17 bis - Andora - Italy",Crazy Jump,AndoraSV  17051,Italy,"Via Divizia, 17 bis - Andora - Italy, Crazy Jump, AndoraSV  17051, Italy",http://www.crazyjump.it,,South Exhibit Halls S3-S23 — S800,S800,,Construction > Amusement Facilities | Construction > Family Entertainment,,,,,,https://iaapaexpoeurope26.mapyourshow.com/8_0/exhibitor/exhibitor-details.cfm?exhid=2586,2026-04-28T15:26:41
10680,"Crenexus Culture & Tech (Shenzhen) Co., Ltd.",ShenzhenGuangdong 518100,China,,China,"ShenzhenGuangdong 518100, China",,,South Exhibit Halls S3-S23 — S4143,S4143,,,,,,,,https://iaapaexpoeurope26.mapyourshow.com/8_0/exhibitor/exhibitor-details.cfm?exhid=10680,2026-04-28T15:26:41
5905,Crystal,26 rue Henri Becquerel ZI les Mardelles,Aulnay-sous-bois93600,France,France,"26 rue Henri Becquerel ZI les Mardelles, Aulnay-sous-bois93600, France",http://www.crystal.fr,,South Exhibit Halls S3-S23 — S4327,S4327,,,,,,,,https://iaapaexpoeurope26.mapyourshow.com/8_0/exhibitor/exhibitor-details.cfm?exhid=5905,2026-04-28T15:26:41
7284,CSE Entertainment,Urho Kekkosen katu 2,Kajaani87100,Finland,Finland,"Urho Kekkosen katu 2, Kajaani87100, Finland",http://www.cse.is,,South Exhibit Halls S3-S23 — S1302,S1302,,Games & Devices > Arcade & Video | Hi-Tech Equipment & Services > Virtual Reality,,,,,,https://iaapaexpoeurope26.mapyourshow.com/8_0/exhibitor/exhibitor-details.cfm?exhid=7284,2026-04-28T15:26:41
8341,Cube escape game,Seljeholtet 39B,HaslumBaerum  01344,Norway,Norway,"Seljeholtet 39B, HaslumBaerum  01344, Norway",http://Www.parkamusement.no,,South Exhibit Halls S3-S23 — S3645,S3645,,Games & Devices > Midway & Skill,,,,,,https://iaapaexpoeurope26.mapyourshow.com/8_0/exhibitor/exhibitor-details.cfm?exhid=8341,2026-04-28T15:26:41
4848,Cuddles & friends,Fabrisvej 25,Videbaek06920,Denmark,Denmark,"Fabrisvej 25, Videbaek06920, Denmark",http://www.cuddlesandfriends.com,,South Exhibit Halls S3-S23 — S1032,S1032,,"Gifts, Novelties, Souvenirs > Plush",,,,,,https://iaapaexpoeurope26.mapyourshow.com/8_0/exhibitor/exhibitor-details.cfm?exhid=4848,2026-04-28T15:26:41
10152,Curator Live Photo & Video Solutions,22 Swinton Gardens Drive,Delray BeachFL  33444,United States,United States,"22 Swinton Gardens Drive, Delray BeachFL  33444, United States",,,South Exhibit Halls S3-S23 — S3517,S3517,,Photographic > Equipment & Supplies | Photographic > Photo Booths | Photographic > Ride Photography,,,,,,https://iaapaexpoeurope26.mapyourshow.com/8_0/exhibitor/exhibitor-details.cfm?exhid=10152,2026-04-28T15:26:41
10058,Dartsee Ltd.,Vasut 15/D,SolymarPest  2083,Hungary,Hungary,"Vasut 15/D, SolymarPest  2083, Hungary",,,South Exhibit Halls S3-S23 — S3337,S3337,,Computer Systems/Software > Software | Games & Devices > Arcade & Video,,,,,,https://iaapaexpoeurope26.mapyourshow.com/8_0/exhibitor/exhibitor-details.cfm?exhid=10058,2026-04-28T15:26:42
10629,Dead Walk Designs LTD,18b Cambridge Road,WeymouthDorset DT4 9TJ,United Kingdom,United Kingdom,"18b Cambridge Road, WeymouthDorset DT4 9TJ, United Kingdom",http://www.deadwalkdesigns.com,,South Exhibit Halls S3-S23 — S4809,S4809,,Construction > Amusement Facilities | Construction > Family Entertainment | Displays & Sets > Amusement Buildings/Fronts | Displays & Sets > Scenery & Sets,,,,,,https://iaapaexpoeurope26.mapyourshow.com/8_0/exhibitor/exhibitor-details.cfm?exhid=10629,2026-04-28T15:26:41
10597,DEAL EXPO 2027,"Office 8, Sheikh Rashid Building, Sheikh Zayed Road",DubaiP.O. Box 126530,United Arab Emirates,United Arab Emirates,"Office 8, Sheikh Rashid Building, Sheikh Zayed Road, DubaiP.O. Box 126530, United Arab Emirates",https://dealmiddleeastshow.com/,,South Exhibit Halls S3-S23 — S1235,S1235,,,,,,,,https://iaapaexpoeurope26.mapyourshow.com/8_0/exhibitor/exhibitor-details.cfm?exhid=10597,2026-04-28T15:26:42
10611,DECOLED s.r.o.,Fráni Šrámka 2622/18,Prague150 00,Czech Republic,Czech Republic,"Fráni Šrámka 2622/18, Prague150 00, Czech Republic",,,North Exhibit Halls N19-N23 — N4734 | South Exhibit Halls S3-S23 — S3445,N4734 | S3445,,,,,,,,https://iaapaexpoeurope26.mapyourshow.com/8_0/exhibitor/exhibitor-details.cfm?exhid=10611,2026-04-28T15:26:42
695,Delta Strike International Ltd.,"Level 1, 370 Colombo Street",SydenhamChristchurch 8025,New Zealand,New Zealand,"Level 1, 370 Colombo Street, SydenhamChristchurch 8025, New Zealand",http://www.deltastrike.com,,South Exhibit Halls S3-S23 — S2012,S2012,,Hi-Tech Equipment & Services > Laser/Special Effects | Participatory Play Equipment > Laser Tag,,,,,,https://iaapaexpoeurope26.mapyourshow.com/8_0/exhibitor/exhibitor-details.cfm?exhid=695,2026-04-28T15:26:41
1792,DELTRAIN,"Rua do Pinheiro, Maçã",Sesimbra2970-516,Portugal,Portugal,"Rua do Pinheiro, Maçã, Sesimbra2970-516, Portugal",http://www.deltrain.com,,South Exhibit Halls S3-S23 — S1311,S1311,,People-Moving Equipment > Trains/Trams/Trolleys,,,,,,https://iaapaexpoeurope26.mapyourshow.com/8_0/exhibitor/exhibitor-details.cfm?exhid=1792,2026-04-28T15:26:41
10603,Dennypay UAB,Ulonu str. 5,Vilnius08459,Lithuania,Lithuania,"Ulonu str. 5, Vilnius08459, Lithuania",https://dennypay.com,,South Exhibit Halls S3-S23 — S1343,S1343,,Computer Systems/Software > Web-Based Services,,,,,,https://iaapaexpoeurope26.mapyourshow.com/8_0/exhibitor/exhibitor-details.cfm?exhid=10603,2026-04-28T15:26:41
10554,Department for Business and Trade,Old Admiralty Building,LondonSW1A 2DY,United Kingdom,United Kingdom,"Old Admiralty Building, LondonSW1A 2DY, United Kingdom",,,South Exhibit Halls S3-S23 — S1040,S1040,,,,,,,,https://iaapaexpoeurope26.mapyourshow.com/8_0/exhibitor/exhibitor-details.cfm?exhid=10554,2026-04-28T15:26:41
10607,Detail Creations,Achterschaijkstraat 16,Berghem5351 NB,Netherlands,Netherlands,"Achterschaijkstraat 16, Berghem5351 NB, Netherlands",http://www.detailcreations.nl,,South Exhibit Halls S3-S23 — S3731,S3731,,Displays & Sets > Scenery & Sets | Displays & Sets > Signs | Displays & Sets > Still Figures | Hi-Tech Equipment & Services > Animatronics,,,,,,https://iaapaexpoeurope26.mapyourshow.com/8_0/exhibitor/exhibitor-details.cfm?exhid=10607,2026-04-28T15:26:42
10728,Dewesoft UK Ltd,14 Doolittle Mill,Froghall Road,AmpthillBedfordshire MK45 2ND,United Kingdom,"14 Doolittle Mill, Froghall Road, AmpthillBedfordshire MK45 2ND, United Kingdom",http://www.dewesoft.com,,South Exhibit Halls S3-S23 — S2731,S2731,,Consultants > Engineering | Consultants > Ride Testing/Inspection | Facility & Grounds > Maintenance/Electrical Equipment,,,,,,https://iaapaexpoeurope26.mapyourshow.com/8_0/exhibitor/exhibitor-details.cfm?exhid=10728,2026-04-28T15:26:42
5994,DFX,465 Taunton Ave Suite 108,West BerlinNew Jersey  08091,United States,United States,"465 Taunton Ave Suite 108, West BerlinNew Jersey  08091, United States",,,South Exhibit Halls S3-S23 — TT001,South Exhibit Halls S3-S23 — TT001,,Security Equipment > Services | Theatrical Equipment & Supplies > Audio/Visual | Theatrical Equipment & Supplies > Lighting | Theatrical Equipment & Supplies > Sound Systems,,,,,,https://iaapaexpoeurope26.mapyourshow.com/8_0/exhibitor/exhibitor-details.cfm?exhid=5994,2026-04-28T15:26:41
3661,DIERESIN SRL,"Via Crocette, 10",SonaVR  37060,Italy,Italy,"Via Crocette, 10, SonaVR  37060, Italy",http://www.dieresin.com,,South Exhibit Halls S3-S23 — S1744,S1744,,Construction > Waterparks,,,,,,https://iaapaexpoeurope26.mapyourshow.com/8_0/exhibitor/exhibitor-details.cfm?exhid=3661,2026-04-28T15:26:41
639,DIGITAL CENTRE,"Dr. Ferran, 27-29 Manresa",Manresa. BARCELONA08243,Spain,Spain,"Dr. Ferran, 27-29 Manresa, Manresa. BARCELONA08243, Spain",http://www.DIGITAL-CENTRE.com,,South Exhibit Halls S3-S23 — S4116,S4116,,Photographic > Photo Booths,,,,,,https://iaapaexpoeurope26.mapyourshow.com/8_0/exhibitor/exhibitor-details.cfm?exhid=639,2026-04-28T15:26:42
10757,DigiTickets,"Sentio House, Pynes Hill",ExeterDevon EX2 5AZ,United Kingdom,United Kingdom,"Sentio House, Pynes Hill, ExeterDevon EX2 5AZ, United Kingdom",http://www.digitickets.co.uk,,North Exhibit Halls N19-N23 — N4717,N4717,,Computer Systems/Software > Point of Sale | Computer Systems/Software > Software | Computer Systems/Software > Web-Based Services,,,,,,https://iaapaexpoeurope26.mapyourshow.com/8_0/exhibitor/exhibitor-details.cfm?exhid=10757,2026-04-28T15:27:20
4461,Digonex-Automated Dynamic Pricing,133 W. Market St. #216,IndianapolisIN  46204,United States,United States,"133 W. Market St. #216, IndianapolisIN  46204, United States",,,South Exhibit Halls S3-S23 — S1714,S1714,,,,,,,,https://iaapaexpoeurope26.mapyourshow.com/8_0/exhibitor/exhibitor-details.cfm?exhid=4461,2026-04-28T15:27:20
4672,Dino Works,"Rongchuan 2nd Road No.6, Hi-tech Industrial Zone, Bancang Area",Zigong CitySichuan   643000,China Mainland,China Mainland,"Rongchuan 2nd Road No.6, Hi-tech Industrial Zone, Bancang Area, Zigong CitySichuan   643000, China Mainland",http://www.bestdino.com,,South Exhibit Halls S3-S23 — S826,S826,,,,,,,,https://iaapaexpoeurope26.mapyourshow.com/8_0/exhibitor/exhibitor-details.cfm?exhid=4672,2026-04-28T15:27:20
1963,Dinosaurier-Park International GmbH & Co. KG,Heide 3,Rehburg-Loccum31547,Germany,Germany,"Heide 3, Rehburg-Loccum31547, Germany",,,South Exhibit Halls S3-S23 — S329,S329,,Displays & Sets > Scenery & Sets | Displays & Sets > Still Figures | Shows/Productions > Animals/Marine,,,,,,https://iaapaexpoeurope26.mapyourshow.com/8_0/exhibitor/exhibitor-details.cfm?exhid=1963,2026-04-28T15:27:20
10715,Diplik GmbH,Graefestr. 92,BerlinN/A 10967,Germany,Germany,"Graefestr. 92, BerlinN/A 10967, Germany",https://www.bit-pong.com/,,South Exhibit Halls S3-S23 — S5236,S5236,"Diplik develops interactive experiences at the intersection of design, technology, and play. The company creates innovative physical products that transform familiar interactions into immersive and social experiences. Bit-Pong, its flagship product, introduces a new category blending sport and gaming, where real-world movement becomes a game interface.",Games & Devices > Arcade & Video | Hi-Tech Equipment & Services > Virtual Reality | Participatory Play Equipment > Interactive Sports/Zip Lines,https://www.facebook.com/profile.php?id=61551805130302,https://www.linkedin.com/company/diplik,https://www.instagram.com/bit.pong/,,,https://iaapaexpoeurope26.mapyourshow.com/8_0/exhibitor/exhibitor-details.cfm?exhid=10715,2026-04-28T15:27:20
10582,Director's Choice Limited,"Room K-02, 5/F, On Wah Industrial Building, Fo Tan, Shatin","Hong Kong SAR, China",,"Hong Kong SAR, China","Room K-02, 5/F, On Wah Industrial Building, Fo Tan, Shatin, Hong Kong SAR, China",,,South Exhibit Halls S3-S23 — S337,S337,,,,,,,,https://iaapaexpoeurope26.mapyourshow.com/8_0/exhibitor/exhibitor-details.cfm?exhid=10582,2026-04-28T15:27:20
10063,Disco-Designer.com,Mihail Arnaudov 3,Rusers 7005,Bulgaria,Bulgaria,"Mihail Arnaudov 3, Rusers 7005, Bulgaria",http://www.disco-designer.com,,South Exhibit Halls S3-S23 — S429 | South Exhibit Halls S3-S23 — S628,S429 | S628,,Construction > Amusement Facilities | Displays & Sets > Amusement Buildings/Fronts | Displays & Sets > Scenery & Sets | Theatrical Equipment & Supplies > Haunt Supplies,,,,,,https://iaapaexpoeurope26.mapyourshow.com/8_0/exhibitor/exhibitor-details.cfm?exhid=10063,2026-04-28T15:27:20
10703,Discosmash BV,Vroegeinde 14,PulleAntwerp 2243,Belgium,Belgium,"Vroegeinde 14, PulleAntwerp 2243, Belgium",http://www.discosmash.com,,South Exhibit Halls S3-S23 — S5348,S5348,,Theatrical Equipment & Supplies > Sound Systems,,,,,,https://iaapaexpoeurope26.mapyourshow.com/8_0/exhibitor/exhibitor-details.cfm?exhid=10703,2026-04-28T15:27:20
2602,DOF Robotics,"Istanbul Ihtisas Serbest Bolgesi, Yesilkoy SB Mah. Havalimani Cd, No:1 M Blok",Istanbul - Bakirkoy34149,Turkey,Turkey,"Istanbul Ihtisas Serbest Bolgesi, Yesilkoy SB Mah. Havalimani Cd, No:1 M Blok, Istanbul - Bakirkoy34149, Turkey",https://www.dofrobotics.com,,South Exhibit Halls S3-S23 — S317 | South Exhibit Halls S3-S23 — S417,S317 | S417,,Consultants > Architecture and Design | Hi-Tech Equipment & Services > Simulation | Hi-Tech Equipment & Services > Virtual Reality | Rides (Dry) > Major,,,,,,https://iaapaexpoeurope26.mapyourshow.com/8_0/exhibitor/exhibitor-details.cfm?exhid=2602,2026-04-28T15:27:20
10580,"DongGuan Tongxin Paper CO., LTD","11, Kuishu Road, Xiaoxiang Community, Wanjiang Street,",Dongguan523039,China,China,"11, Kuishu Road, Xiaoxiang Community, Wanjiang Street,, Dongguan523039, China",,,South Exhibit Halls S3-S23 — TT002,South Exhibit Halls S3-S23 — TT002,,,,,,,,https://iaapaexpoeurope26.mapyourshow.com/8_0/exhibitor/exhibitor-details.cfm?exhid=10580,2026-04-28T15:27:20
8148,DONGGUAN UNISTAR INDUSTRIAL LIMITED,"No.1st Building,Yuning North Road-No.33,","Hengli Town,Dongguan City, Guangdong Province.Zip code:523460",DONGGUANGUANGDONG  523460,China,"No.1st Building,Yuning North Road-No.33,, Hengli Town,Dongguan City, Guangdong Province.Zip code:523460, DONGGUANGUANGDONG  523460, China",http://www.revotoys.net,,South Exhibit Halls S3-S23 — S131,S131,,"Gifts, Novelties, Souvenirs > Party Supplies",,,,,,https://iaapaexpoeurope26.mapyourshow.com/8_0/exhibitor/exhibitor-details.cfm?exhid=8148,2026-04-28T15:27:20
10743,dotmill,"41, Donggyo-ro 41gil",SeoulMapo-gu 03984,"Korea, Republic of","Korea, Republic of","41, Donggyo-ro 41gil, SeoulMapo-gu 03984, Korea, Republic of",,,North Exhibit Halls N19-N23 — N4821,N4821,,,,,,,,https://iaapaexpoeurope26.mapyourshow.com/8_0/exhibitor/exhibitor-details.cfm?exhid=10743,2026-04-28T15:27:20
469,DOTTO TRAINS,Borgo Pieve 115,Castelfranco VenetoTV  31033,Italy,Italy,"Borgo Pieve 115, Castelfranco VenetoTV  31033, Italy",http://www.dottotrains.com,,South Exhibit Halls S3-S23 — S1523,S1523,,People-Moving Equipment > Trains/Trams/Trolleys,,,,,,https://iaapaexpoeurope26.mapyourshow.com/8_0/exhibitor/exhibitor-details.cfm?exhid=469,2026-04-28T15:27:20
5970,"Dreamland Playground Co.,Ltd",Yangwan industrial Zone,Qiaoxia Town,Yongjia CountyZhejiang Wenzhou city,China,"Yangwan industrial Zone, Qiaoxia Town, Yongjia CountyZhejiang Wenzhou city, China",http://www.dreamlandplayground.com,,South Exhibit Halls S3-S23 — S4802,S4802,,Construction > Amusement Facilities | Construction > Family Entertainment | Participatory Play Equipment > Children's Play Elements,,,,,,https://iaapaexpoeurope26.mapyourshow.com/8_0/exhibitor/exhibitor-details.cfm?exhid=5970,2026-04-28T15:27:20
7292,Dronisos,11 Rue Yvonne et Robert Noutary,Bordeaux33130,France,France,"11 Rue Yvonne et Robert Noutary, Bordeaux33130, France",,,South Exhibit Halls S3-S23 — S5325,S5325,,Hi-Tech Equipment & Services > Fireworks | Hi-Tech Equipment & Services > Laser/Special Effects | Shows/Productions > Aerial Shows,,,,,,https://iaapaexpoeurope26.mapyourshow.com/8_0/exhibitor/exhibitor-details.cfm?exhid=7292,2026-04-28T15:27:20
10527,DubiDo Factory,"Mihail Koloni Street No. 13, Floor 1, Apt. 8,",Varna85391,Bulgaria,Bulgaria,"Mihail Koloni Street No. 13, Floor 1, Apt. 8,, Varna85391, Bulgaria",http://www.DubiDoFactory.eu,,South Exhibit Halls S3-S23 — S1736,S1736,,"Gifts, Novelties, Souvenirs > Miscellaneous | Gifts, Novelties, Souvenirs > Plush",,,,,,https://iaapaexpoeurope26.mapyourshow.com/8_0/exhibitor/exhibitor-details.cfm?exhid=10527,2026-04-28T15:27:20
1814,Dutch Wheels,Edisonlaan 37,Weert6003 DB,Netherlands,Netherlands,"Edisonlaan 37, Weert6003 DB, Netherlands",http://www.dutchwheels.com,,South Exhibit Halls S3-S23 — S2812,S2812,,"Rides (Dry) > Major | Rides (Dry) > Service, Repair & Parts",,,,,,https://iaapaexpoeurope26.mapyourshow.com/8_0/exhibitor/exhibitor-details.cfm?exhid=1814,2026-04-28T15:27:20
10674,E-Service (Europe) Ltd,Unit 4 Travellers Close,Welham GreenHerts AL9 7JL,United Kingdom,United Kingdom,"Unit 4 Travellers Close, Welham GreenHerts AL9 7JL, United Kingdom",http://e-service.co.uk,,South Exhibit Halls S3-S23 — S3201,S3201,,Admission/Financial Equipment > Coin & Currency Counters | Admission/Financial Equipment > Tokens | Coin-Operated Machines (Non-Game) > Coin-Operated Machines (Non-Game) | Games & Devices > Redemption Prizes,,,,,,https://iaapaexpoeurope26.mapyourshow.com/8_0/exhibitor/exhibitor-details.cfm?exhid=10674,2026-04-28T15:27:20
10574,East Sports,"JinYing Buildering, 316 HuanShiZhong Road",YueXiu District510000,China,China,"JinYing Buildering, 316 HuanShiZhong Road, YueXiu District510000, China",,,South Exhibit Halls S3-S23 — S1843,S1843,,,,,,,,https://iaapaexpoeurope26.mapyourshow.com/8_0/exhibitor/exhibitor-details.cfm?exhid=10574,2026-04-28T15:27:20
10729,EDSUN,ZA du Puy Pelé,TiffaugesVendée 85130,France,France,"ZA du Puy Pelé, TiffaugesVendée 85130, France",http://www.edsunloisirs.com,,South Exhibit Halls S3-S23 — S3606,S3606,,"Construction > Waterparks | Participatory Play Equipment > Children's Play Elements | Water Related Equipment & Supplies > Dry Rides (Rafts, Flumes) | Water Related Equipment & Supplies > Wet Rides (Slides, Tubes)",,,,,,https://iaapaexpoeurope26.mapyourshow.com/8_0/exhibitor/exhibitor-details.cfm?exhid=10729,2026-04-28T15:27:20
8057,ELAUT GROUP,Passtraat 223,Sint Niklaas9100,Belgium,Belgium,"Passtraat 223, Sint Niklaas9100, Belgium",,,South Exhibit Halls S3-S23 — S223,S223,,,,,,,,https://iaapaexpoeurope26.mapyourshow.com/8_0/exhibitor/exhibitor-details.cfm?exhid=8057,2026-04-28T15:27:20
2626,Electrocoin,181 park avenue,LondonNW10 7XH,United Kingdom,United Kingdom,"181 park avenue, LondonNW10 7XH, United Kingdom",http://www.electrocoin.com,,South Exhibit Halls S3-S23 — S2203,S2203,,Coin-Operated Machines (Non-Game) > Coin-Operated Machines (Non-Game) | Games & Devices > Arcade & Video | Games & Devices > Redemption Prizes,,,,,,https://iaapaexpoeurope26.mapyourshow.com/8_0/exhibitor/exhibitor-details.cfm?exhid=2626,2026-04-28T15:27:20
7030,Electroproject,Albert Heinweg 1,ZaandamNoord Holland  1507EH,Netherlands,Netherlands,"Albert Heinweg 1, ZaandamNoord Holland  1507EH, Netherlands",http://www.electroproject.nl,,South Exhibit Halls S3-S23 — S5132,S5132,,Computer Systems/Software > Software | Consultants > Engineering | Consultants > Ride Testing/Inspection | Facility & Grounds > Maintenance/Electrical Equipment,,,,,,https://iaapaexpoeurope26.mapyourshow.com/8_0/exhibitor/exhibitor-details.cfm?exhid=7030,2026-04-28T15:27:20
3619,Elephant Sculpture Art Company Ltd.,"Room 201, Building NO.7, NO.6 Heng Feng Six Road, Gangkou Town",Zhongshan CityGuangdong 528400,China Mainland,China Mainland,"Room 201, Building NO.7, NO.6 Heng Feng Six Road, Gangkou Town, Zhongshan CityGuangdong 528400, China Mainland",,,South Exhibit Halls S3-S23 — S5113,S5113,,,,,,,,https://iaapaexpoeurope26.mapyourshow.com/8_0/exhibitor/exhibitor-details.cfm?exhid=3619,2026-04-28T15:27:20
2860,ELI Play,Korenmolen 18,Boxtel5281 PB,Netherlands,Netherlands,"Korenmolen 18, Boxtel5281 PB, Netherlands",http://www.eliplay.com,,South Exhibit Halls S3-S23 — S1312,S1312,,Construction > Amusement Facilities | Construction > Family Entertainment | Participatory Play Equipment > Children's Play Elements,,,,,,https://iaapaexpoeurope26.mapyourshow.com/8_0/exhibitor/exhibitor-details.cfm?exhid=2860,2026-04-28T15:27:20
143,Ellis & Associates,500 Winderley Pl,Suite 116,MaitlandFL 32751,United States,"500 Winderley Pl, Suite 116, MaitlandFL 32751, United States",http://www.jellis.com,,South Exhibit Halls S3-S23 — S2826,S2826,,Consultants > Legal | Consultants > Ride Testing/Inspection | Consultants > Safety/Medical | Consultants > Staff Training,,,,,,https://iaapaexpoeurope26.mapyourshow.com/8_0/exhibitor/exhibitor-details.cfm?exhid=143,2026-04-28T15:27:20
3853,ELMAC II SRL,Via G. Colombo 17,Rubano,RubanoPD  35030,Italy,"Via G. Colombo 17, Rubano, RubanoPD  35030, Italy",http://www.elmac.com,,South Exhibit Halls S3-S23 — S233,S233,,Computer Systems/Software > Software | Games & Devices > Arcade & Video | Games & Devices > Redemption Prizes | Games & Devices > Used Equipment,,,,,,https://iaapaexpoeurope26.mapyourshow.com/8_0/exhibitor/exhibitor-details.cfm?exhid=3853,2026-04-28T15:27:20
1371,ELTELPARK MEDIATOYS ITALY,Zona Industriale Lotto n°6,RuffanoLE  73049,Italy,Italy,"Zona Industriale Lotto n°6, RuffanoLE  73049, Italy",http://www.eltelpark.it,,South Exhibit Halls S3-S23 — S1833,S1833,,Construction > Amusement Facilities | Construction > Family Entertainment,,,,,,https://iaapaexpoeurope26.mapyourshow.com/8_0/exhibitor/exhibitor-details.cfm?exhid=1371,2026-04-28T15:27:20
566,EMBED,"Office #4006, Mazaya Business Avenue, BB2, Jumeirah Lake Towers, Dubai UAE",DubaiDubai  393517,United Arab Emirates,United Arab Emirates,"Office #4006, Mazaya Business Avenue, BB2, Jumeirah Lake Towers, Dubai UAE, DubaiDubai  393517, United Arab Emirates",http://www.embedcard.com,,South Exhibit Halls S3-S23 — S2707,S2707,,Admission/Financial Equipment > Plastic Cards | Admission/Financial Equipment > Systems & Devices | Admission/Financial Equipment > Wristbands,,,,,,https://iaapaexpoeurope26.mapyourshow.com/8_0/exhibitor/exhibitor-details.cfm?exhid=566,2026-04-28T15:27:20
102,EMILIANA LUNA PARK,"Via Po, 12",Spilamberto(MO)  41057,Italy,Italy,"Via Po, 12, Spilamberto(MO)  41057, Italy",http://www.emilianalunapark.com,,South Exhibit Halls S3-S23 — S1817,S1817,,Games & Devices > Midway & Skill | Rides (Dry) > Dark | Rides (Dry) > Kiddie | Rides (Dry) > Major,,,,,,https://iaapaexpoeurope26.mapyourshow.com/8_0/exhibitor/exhibitor-details.cfm?exhid=102,2026-04-28T15:27:20
348,EMPEX WATERTOYS-CANADA,50-12 Innovator Ave,StouffvilleON  L3R 8ES,Canada,Canada,"50-12 Innovator Ave, StouffvilleON  L3R 8ES, Canada",http://www.watertoys.com,,South Exhibit Halls S3-S23 — S2410,S2410,,"Water Related Equipment & Supplies > Misting Devices | Water Related Equipment & Supplies > Swimming Pool/Beach Resort | Water Related Equipment & Supplies > Wet Rides (Slides, Tubes)",,,,,,https://iaapaexpoeurope26.mapyourshow.com/8_0/exhibitor/exhibitor-details.cfm?exhid=348,2026-04-28T15:27:20
1853,entertainment resource GmbH,Engersgaustr. 132,Neuwied56566,Germany,Germany,"Engersgaustr. 132, Neuwied56566, Germany",http://www.entertainment-resource.biz,,South Exhibit Halls S3-S23 — S1022,S1022,,Hi-Tech Equipment & Services > Simulation | Hi-Tech Equipment & Services > Virtual Reality | Rides (Dry) > Dark,,,,,,https://iaapaexpoeurope26.mapyourshow.com/8_0/exhibitor/exhibitor-details.cfm?exhid=1853,2026-04-28T15:27:20
8349,ENTTEC Ltd,"SPACES Victoria, 25 Wilton Road",LondonSW1V 1LW,United Kingdom,United Kingdom,"SPACES Victoria, 25 Wilton Road, LondonSW1V 1LW, United Kingdom",https://www.enttec.co.uk,,South Exhibit Halls S3-S23 — S4317,S4317,,Theatrical Equipment & Supplies > Lighting,,,,,,https://iaapaexpoeurope26.mapyourshow.com/8_0/exhibitor/exhibitor-details.cfm?exhid=8349,2026-04-28T15:27:20
10658,EPIC Outdoor Cinema,"4051 SW 47th Ave, STE 103",Fort LauderdaleFlorida 33314,United States,United States,"4051 SW 47th Ave, STE 103, Fort LauderdaleFlorida 33314, United States",https://epicoutdoorcinema.com,,South Exhibit Halls S3-S23 — S5307,S5307,,Construction > Waterparks | Hi-Tech Equipment & Services > Film/Music Production | Shows/Productions > Water | Theatrical Equipment & Supplies > Audio/Visual,,,,,,https://iaapaexpoeurope26.mapyourshow.com/8_0/exhibitor/exhibitor-details.cfm?exhid=10658,2026-04-28T15:27:20
10445,EPT Photography,"unit 6, Coronation Road",Ellesmere PortCheshire CH65 9AB,United Kingdom,United Kingdom,"unit 6, Coronation Road, Ellesmere PortCheshire CH65 9AB, United Kingdom",http://www.eventsphototeam.com,,South Exhibit Halls S3-S23 — S4207,S4207,,Photographic > Equipment & Supplies | Photographic > Photo Booths | Photographic > Ride Photography,,,,,,https://iaapaexpoeurope26.mapyourshow.com/8_0/exhibitor/exhibitor-details.cfm?exhid=10445,2026-04-28T15:27:20
8952,ETERNITY BOWLING,"4th floor, No.28 Zhonghua Rd, Longhua",ShenzhenGuangdong   514000,China Mainland,China Mainland,"4th floor, No.28 Zhonghua Rd, Longhua, ShenzhenGuangdong   514000, China Mainland",,,South Exhibit Halls S3-S23 — S2810,S2810,,,,,,,,https://iaapaexpoeurope26.mapyourshow.com/8_0/exhibitor/exhibitor-details.cfm?exhid=8952,2026-04-28T15:27:20
349,ETF Ride Systems,Randweg Zuid 11,Nederweert6031SX,Netherlands,Netherlands,"Randweg Zuid 11, Nederweert6031SX, Netherlands",http://www.etf.nl/ride-systems,,South Exhibit Halls S3-S23 — S1218,S1218,,"Rides (Dry) > Dark | Rides (Dry) > Major | Water Related Equipment & Supplies > Dry Rides (Rafts, Flumes)",,,,,,https://iaapaexpoeurope26.mapyourshow.com/8_0/exhibitor/exhibitor-details.cfm?exhid=349,2026-04-28T15:27:20
3635,Euro-Matic Kft.,Marias utca 30,Budapest1224,Hungary,Hungary,"Marias utca 30, Budapest1224, Hungary",http://www.euro-matic.eu,,South Exhibit Halls S3-S23 — S132,S132,,Participatory Play Equipment > Children's Play Elements,,,,,,https://iaapaexpoeurope26.mapyourshow.com/8_0/exhibitor/exhibitor-details.cfm?exhid=3635,2026-04-28T15:27:21
2646,EuroAmusement Professional,G.P. Probst Verlag GmbH,In den Rauten 3,LichtenauD 33165,Germany,"G.P. Probst Verlag GmbH, In den Rauten 3, LichtenauD 33165, Germany",http://www.eap-magazin.de,,South Exhibit Halls S3-S23 — S1700,S1700,,Trade Publications > Trade Publications,,,,,,https://iaapaexpoeurope26.mapyourshow.com/8_0/exhibitor/exhibitor-details.cfm?exhid=2646,2026-04-28T15:27:20
571,Eurogames Srl,"Via Degli Scavi, 41",Forlì47122,Italy,Italy,"Via Degli Scavi, 41, Forlì47122, Italy",http://www.eurogames.it,,South Exhibit Halls S3-S23 — S4122,S4122,,"Rides (Dry) > Bumper Cars | Rides (Dry) > Go-Karts | Rides (Dry) > Kiddie | Water Related Equipment & Supplies > Boats (Bumper, Pontoons, Etc.)",,,,,,https://iaapaexpoeurope26.mapyourshow.com/8_0/exhibitor/exhibitor-details.cfm?exhid=571,2026-04-28T15:27:20
1863,Eurolockers B.v,Keizersgracht 520h,Amsterdam--  1017EK,Netherlands,Netherlands,"Keizersgracht 520h, Amsterdam--  1017EK, Netherlands",https://www.eurolockers.com,,South Exhibit Halls S3-S23 — S1512,S1512,,Admission/Financial Equipment > Systems & Devices | Security Equipment > Lockers | Security Equipment > Services,,,,,,https://iaapaexpoeurope26.mapyourshow.com/8_0/exhibitor/exhibitor-details.cfm?exhid=1863,2026-04-28T15:27:21
10761,EVtrain AS,Postvegen 151,VigraMR 6040,Norway,Norway,"Postvegen 151, VigraMR 6040, Norway",,,North Exhibit Halls N19-N23 — N4903,N4903,,People-Moving Equipment > Trains/Trams/Trolleys,,,,,,https://iaapaexpoeurope26.mapyourshow.com/8_0/exhibitor/exhibitor-details.cfm?exhid=10761,2026-04-28T15:27:21
1194,Experience UK,"Bolton Arena, Arena Approach",BoltonGreater Manchester  BL6 6LB,United Kingdom,United Kingdom,"Bolton Arena, Arena Approach, BoltonGreater Manchester  BL6 6LB, United Kingdom",http://experienceuk.org,,South Exhibit Halls S3-S23 — S837,S837,,,,,,,,https://iaapaexpoeurope26.mapyourshow.com/8_0/exhibitor/exhibitor-details.cfm?exhid=1194,2026-04-28T15:27:21
10692,Experimental Park,12 Rue de Bouloire,ClairoixHAUTS DE FRANCE 60280,France,France,"12 Rue de Bouloire, ClairoixHAUTS DE FRANCE 60280, France",,,North Exhibit Halls N19-N23 — N4704,N4704,,,,,,,,https://iaapaexpoeurope26.mapyourshow.com/8_0/exhibitor/exhibitor-details.cfm?exhid=10692,2026-04-28T15:27:21
10706,Expian,"Spaces Mappin House, 4 Winsley street,",LondonW1W 8HF,United Kingdom,United Kingdom,"Spaces Mappin House, 4 Winsley street,, LondonW1W 8HF, United Kingdom",,,South Exhibit Halls S3-S23 — TT003,South Exhibit Halls S3-S23 — TT003,,,,,,,,https://iaapaexpoeurope26.mapyourshow.com/8_0/exhibitor/exhibitor-details.cfm?exhid=10706,2026-04-28T15:27:21
10749,Expression Capital Partners LLP,5 Churchill Place,LondonE14 5HU,United Kingdom,United Kingdom,"5 Churchill Place, LondonE14 5HU, United Kingdom",,,,,,,,,,,,https://iaapaexpoeurope26.mapyourshow.com/8_0/exhibitor/exhibitor-details.cfm?exhid=10749,2026-04-28T15:27:21
7238,Extreme Works,IOSB Bedrettin Dalan Bulvari Metro Is Merkezi B/27Basaksehir,Istanbul34490,Turkey,Turkey,"IOSB Bedrettin Dalan Bulvari Metro Is Merkezi B/27Basaksehir, Istanbul34490, Turkey",http://www.extremeworks.com.tr,,South Exhibit Halls S3-S23 — S816,S816,,Construction > Amusement Facilities | Construction > Family Entertainment | Participatory Play Equipment > Climbing Walls | Participatory Play Equipment > Interactive Sports/Zip Lines,,,,,,https://iaapaexpoeurope26.mapyourshow.com/8_0/exhibitor/exhibitor-details.cfm?exhid=7238,2026-04-28T15:27:20
14,FABBRI GROUP,"Via Dell'Artigianato, 198",CaltoRO  45030,Italy,Italy,"Via Dell'Artigianato, 198, CaltoRO  45030, Italy",http://WWW.FABBRIGROUP.COM,,South Exhibit Halls S3-S23 — S719,S719,,"Rides (Dry) > Kiddie | Rides (Dry) > Major | Rides (Dry) > Roller Coasters | Rides (Dry) > Service, Repair & Parts",,,,,,https://iaapaexpoeurope26.mapyourshow.com/8_0/exhibitor/exhibitor-details.cfm?exhid=14,2026-04-28T15:27:20
8062,Falgas Germany,Friedrichstrasse 171,Berlin10117,Germany,Germany,"Friedrichstrasse 171, Berlin10117, Germany",http://www.falgas.com,,South Exhibit Halls S3-S23 — S4018,S4018,,"Rides (Dry) > Carousels | Rides (Dry) > Kiddie | Rides (Dry) > Service, Repair & Parts | Rides (Dry) > Used Equipment",,,,,,https://iaapaexpoeurope26.mapyourshow.com/8_0/exhibitor/exhibitor-details.cfm?exhid=8062,2026-04-28T15:27:20
10593,Fantasy Rides Industry,via Olmeo 21,Villafranca PadovanaPADOVA 35010,Italy,Italy,"via Olmeo 21, Villafranca PadovanaPADOVA 35010, Italy",http://fantasyridesindustry.com,,South Exhibit Halls S3-S23 — S1242,S1242,,Rides (Dry) > Dark,,,,,,https://iaapaexpoeurope26.mapyourshow.com/8_0/exhibitor/exhibitor-details.cfm?exhid=10593,2026-04-28T15:27:20
